{
    "content_type": "CG_SHOP_2025_Solution",
    "edges": [
        [
            1,
            11
        ],
        [
            1,
            7
        ],
        [
            7,
            11
        ],
        [
            2,
            3
        ],
        [
            2,
            11
        ],
        [
            3,
            11
        ],
        [
            6,
            11
        ],
        [
            5,
            6
        ],
        [
            5,
            11
        ],
        [
            4,
            11
        ],
        [
            5,
            11
        ],
        [
            4,
            5
        ],
        [
            7,
            11
        ],
        [
            6,
            7
        ],
        [
            6,
            11
        ],
        [
            1,
            9
        ],
        [
            7,
            9
        ],
        [
            1,
            7
        ],
        [
            7,
            9
        ],
        [
            8,
            9
        ],
        [
            7,
            8
        ],
        [
            0,
            10
        ],
        [
            0,
            9
        ],
        [
            9,
            10
        ],
        [
            1,
            10
        ],
        [
            9,
            10
        ],
        [
            1,
            9
        ],
        [
            3,
            11
        ],
        [
            4,
            11
        ],
        [
            3,
            4
        ],
        [
            1,
            2
        ],
        [
            1,
            11
        ],
        [
            2,
            11
        ]
    ],
    "instance_uid": "convex_no_constraints_sa",
    "method": "simulated_annealing",
    "parameters": {
        "L": 150,
        "alpha": 1.5,
        "beta": 2.5
    },
    "steiner_points_x": [
        6.4935238596487475,
        170.85705075067443
    ],
    "steiner_points_y": [
        6.4935238596487475,
        72.42073045770783
    ]
}